[
  {
    "abrv": "RTC",
    "city": "Québec",
    "country_code_iso": "CA"
  },
  {
    "abrv": "STL",
    "city": "Laval",
    "country_code_iso": "CA"
  },
  {
    "abrv": "TRANSIT",
    "city": "Saskatoon",
    "country_code_iso": "CA"
  },
  {
    "abrv": "RATP",
    "city": "Paris",
    "country_code_iso": "FR"
  },
  {
    "abrv": "STO",
    "city": "Gatineau",
    "country_code_iso": "CA"
  },
  {
    "abrv": "CT",
    "city": "Calgary",
    "country_code_iso": "CA"
  },
  {
    "abrv": null,
    "city": "Worldwide",
    "country_code_iso": null
  },
  {
    "abrv": "RT",
    "city": "Regina",
    "country_code_iso": "CA"
  },
  {
    "abrv": "TCL",
    "city": "Lyon",
    "country_code_iso": "FR"
  },
  {
    "abrv": "CRTM",
    "city": "Madrid",
    "country_code_iso": "ES"
  },
  {
    "abrv": "TMB",
    "city": "Barcelona",
    "country_code_iso": "ES"
  },
  {
    "abrv": "DRT",
    "city": "Durhamregion",
    "country_code_iso": ""
  },
  {
    "abrv": "TAM",
    "city": "Russell",
    "country_code_iso": "CA"
  },
  {
    "abrv": "KVV",
    "city": "Karlsruhe",
    "country_code_iso": "DE"
  },
  {
    "abrv": "RTCS",
    "city": "Shawinigan",
    "country_code_iso": "CA"
  },
  {
    "abrv": "SVB",
    "city": "Bern",
    "country_code_iso": "CH"
  },
  {
    "abrv": "PLU",
    "city": "Côte-De-Beaupré",
    "country_code_iso": ""
  },
  {
    "abrv": "SJSR",
    "city": "Saint-Jean-sur-Richelieu",
    "country_code_iso": "CA"
  },
  {
    "abrv": "FTO",
    "city": "Fredericton",
    "country_code_iso": "CA"
  },
  {
    "abrv": "TTC",
    "city": "Toronto",
    "country_code_iso": "CA"
  },
  {
    "abrv": "TCD",
    "city": "Drummondville",
    "country_code_iso": "CA"
  },
  {
    "abrv": "REGÎM",
    "city": "Gaspésie",
    "country_code_iso": "CA"
  },
  {
    "abrv": "TCM",
    "city": "Matane",
    "country_code_iso": "CA"
  },
  {
    "abrv": "KT",
    "city": "Kingston",
    "country_code_iso": "CA"
  },
  {
    "abrv": "TBM",
    "city": "Bordeaux",
    "country_code_iso": "FR"
  },
  {
    "abrv": "MTA",
    "city": "New York city",
    "country_code_iso": "US"
  },
  {
    "abrv": "RTL",
    "city": "Longueuil",
    "country_code_iso": "CA"
  },
  {
    "abrv": "HART",
    "city": "Tampa",
    "country_code_iso": "US"
  },
  {
    "abrv": "STS",
    "city": "Saguenay",
    "country_code_iso": "CA"
  },
  {
    "abrv": "CBT",
    "city": "Cobourg",
    "country_code_iso": ""
  },
  {
    "abrv": "STS",
    "city": "Sherbrooke",
    "country_code_iso": "CA"
  },
  {
    "abrv": "BVG",
    "city": "Berlin",
    "country_code_iso": "DE"
  },
  {
    "abrv": "GRT",
    "city": "Grandrivere",
    "country_code_iso": ""
  },
  {
    "abrv": "TCSH",
    "city": "Saint-Hyacinthe",
    "country_code_iso": ""
  },
  {
    "abrv": "TPG",
    "city": "Geneva",
    "country_code_iso": "CH"
  },
  {
    "abrv": "VBZ",
    "city": "Zurich",
    "country_code_iso": "CH"
  },
  {
    "abrv": "HALIFAX",
    "city": "Halifax",
    "country_code_iso": "CA"
  },
  {
    "abrv": "STTR",
    "city": "Trois-Rivières",
    "country_code_iso": "CA"
  },
  {
    "abrv": "TRANSLINK",
    "city": "Vancouver",
    "country_code_iso": "CA"
  },
  {
    "abrv": "ETS",
    "city": "Edmonton",
    "country_code_iso": "CA"
  },
  {
    "abrv": "OPTYMO",
    "city": "Belfort",
    "country_code_iso": "FR"
  },
  {
    "abrv": "TUG",
    "city": "Granby",
    "country_code_iso": ""
  },
  {
    "abrv": "TAC",
    "city": "Annemasse",
    "country_code_iso": "FR"
  },
  {
    "abrv": "STL",
    "city": "Lévis",
    "country_code_iso": "CA"
  },
  {
    "abrv": "CT",
    "city": "Cornwall",
    "country_code_iso": ""
  },
  {
    "abrv": "RTM",
    "city": "Marseille",
    "country_code_iso": "FR"
  },
  {
    "abrv": "STM",
    "city": "Montréal",
    "country_code_iso": "CA"
  },
  {
    "abrv": "MDP",
    "city": "Porto",
    "country_code_iso": "PT"
  },
  {
    "abrv": "ILEVIA",
    "city": "Lille",
    "country_code_iso": "FR"
  },
  {
    "abrv": "WT",
    "city": "Winnipeg",
    "country_code_iso": "CA"
  },
  {
    "abrv": "ANM",
    "city": "Napoli",
    "country_code_iso": "IT"
  },
  {
    "abrv": "BT",
    "city": "Brockville",
    "country_code_iso": "CA"
  },
  {
    "abrv": "TIC",
    "city": "Compiègne",
    "country_code_iso": "FR"
  },
  {
    "abrv": "STR",
    "city": "Rimouski",
    "country_code_iso": "CA"
  },
  {
    "abrv": "TRN",
    "city": "Rimouski-Neigette",
    "country_code_iso": "CA"
  },
  {
    "abrv": "TFL",
    "city": "London",
    "country_code_iso": "UK"
  },
  {
    "abrv": "CTS",
    "city": "Strasbourg",
    "country_code_iso": "FR"
  }
]
